"prefix","danh từ: (ngôn ngữ học) tiền tố","'pri:fiks"
"openable","tính từ: có thể mở ra","'oupənəbl"
"barnacle","danh từ: (như) barnacle_goose","'bɑ:nəkl"
"sightworthy","tính từ: đáng xem, nên xem","'sait,wə:ði"
"civil","tính từ: (thuộc) công dân","'sivl"
"time-honoured","tính từ: được kính chuộng do lâu đời","'taim,ɔnəd"
"pupilarity","danh từ: (pháp lý) thời kỳ được giám hộ; thời kỳ vị thành niên",",pju:pi'læriti"
"walk-out","danh từ: (từ Mỹ,nghĩa Mỹ) cuộc đình công","'wɔ:k'aut"
"truckle-bed","danh từ: giường đẩy (có bánh xe, ban ngày đẩy vào dưới gầm giường khác) ((cũng) truckle)","'trʌklbed"
"josser","danh từ: (từ lóng) người ngu xuẩn","dʤɔsə"
"umpteenth","tính từ: thứ không biết bao nhiêu","'ʌmpti:nθ"
"draftsman","danh từ: người phác thảo, người phác hoạ, người vẽ đồ án, người vẽ sơ đồ thiết kế; người dự thảo (đạo luật...)","'drɑ:ftə"
"state","đại từ: trạng thái, tình trạng","steit"
"pluviometer","danh từ: cái đo mưa",",plu:vi'ɔmitə"
"aasvogel","danh từ: (động vật học) con kên kên (Nam Phi)","'ɑ:sfougəl"
"cumbersomeness","danh từ: sự ngổn ngang, sự cồng kềnh, sự làm vướng","'kʌmbəsəmnis"
"self-generating","tính từ: tự tạo, tự sinh","'self'dʤenəreitiɳ"
"pelvis","danh từ,  số nhiều pelves  /'pelvi:z/: (giải phẫu) chậu, khung chậu","'pelvis"
"easting","danh từ: (hàng hải) chặng đường đi về phía đông","'i:stiɳ"
"unconfined","tính từ: tự do; không bị hạn chế; không bị giam giữ","'ʌnkən'faind"
"glumness","danh từ: vẻ ủ rũ, vẻ buồn bã, vẻ rầu rĩ","'glʌmnis"
"phrase-book","danh từ: từ điển nhóm từ và thành ngữ","'freizbuk"
"opportunistic","tính từ: cơ hội chủ nghĩa","'ɔpətju:nist"
"overhear","ngoại động từ overhead: nghe lỏm; nghe trộm",",ouvə'hiə"
"disassimilation","danh từ: (sinh vật học) sự dị hoà","'disə'simi'leiʃn"
"offishness","danh từ: tính khinh khỉnh, tính cách biệt","'ɔfiʃəsnis"
"sugary","tính từ: có đường, ngọt","'ʃugəri"
"scuttle-butt","danh từ: thùng đựng nước ngọt (trên boong tàu) (như) scuttle-cask","'skʌtbʌt"
"open sight","danh từ: (quân sự) lỗ ngắm (ở súng)","'oupn'sait"
"coquet","tính từ: đỏm, dáng, làm đỏm, làm dáng","kou'ket"
"intrinsical","tính từ: (thuộc) bản chất, thực chất; bên trong","in'trinsik"
"go-by","danh từ,  to give someone the qong qua mặt ai, vượt qua ai: không để ý đến lời ai","'goubai"
"monistic","tính từ: (triết học) (thuộc) thuyết nhất nguyên","mɔ'nistik"
"unanimous","tính từ: nhất trí","ju:'næniməs"
"complain","nội động từ: kêu ca, kêu, phàn nàn, than phiền; oán trách","kəm'plein"
"soda jerker","danh từ: (từ Mỹ,nghĩa Mỹ),  (từ lóng) người bán hàng ở quầy nước xô-đa","'soudə'dʤə:k"
"vociferous","tính từ: om sòm","vou'sifərəs"
"carnivore","(bất qui tắc) danh từ số nhiều: (động vật học) loài ăn thịt","'kɑ:nivɔ:"
"thanksgiving","danh từ: sự tạ ơn (Chúa)","'θæɳks,giviɳ"
"confirmative","tính từ: xác nhận","kən'fə:mətiv"
"industrialize","động từ: công nghiệp hoá","in'dʌstriəlaiz"
"proof-reading","danh từ: việc đọc và sửa bản in thử","proof-reading"
"beryl","danh từ: (khoáng chất) berin","'beril"
"swift-footed","tính từ: mau chân, nhanh chân","'swift'futid"
"cognize","ngoại động từ: (triết học) nhận thức","kɔg'naiz"
"high altar","danh từ: bàn thờ chính","'hai'ɔ:ltə"
"timber-yard","danh từ: bãi gỗ","'timbəjɑ:d"
"strass","danh từ: bột làm ngọc giả","stræs"
"avowedly","phó từ: đã được công khai thừa nhận; đã được công khai thú nhận","ə'vauidli"
"rubiginous","tính từ: có màu gỉ sắt","ru:'bidʤinəs"
"multiparous","tính từ: (động vật học) mỗi lứa đẻ nhiều con","mʌl'tipərəs"
"disgracefulness","danh từ: sự ô nhục, sự nhục nhã, sự hổ thẹn","dis'greisfulnis"
"dismay","danh từ: sự mất tinh thần; sự mất hết can đảm","dis'mei"
"methanol","danh từ: (hoá học) Metanola","'meθənɔl"
"tube","danh từ: ống","tju:b"
"insuperableness","danh từ: tính không thể vượt qua được, tính không khắc phục được","in,sju:pərə'biliti"
"goodly","tính từ: đẹp, có duyên","'gudli"
"geodesis","tính từ: (thuộc) đo đạc",",dʤi:ou'detik"
"marocain","danh từ: vải lụa","'mærəkein"
"spinning-machine","danh từ: máy xe (sợi)","'spiniɳmə,ʃi:n"
"planimetrical","tính từ: (thuộc) phép đo diện tích (mặt bằng)",",plæni'metrik"
"pyrogenous","tính từ: (địa lý,địa chất) hoả sinh, do lửa","pai'rɔdʤinos"
"rock-oil","danh từ: dầu mỏ","'rɔkɔil"
"pleurodynia","danh từ: (y học) chứng đau nhói ngực",",pluərou'diniə"
"farthermost","tính từ: xa nhất","'fɑ:ðəmoust"
"mason","danh từ: thợ nề","'meisn"
"grey-headed","tính từ: tóc hoa râm, già","'grei'hedid"
"inflatable","tính từ: có thể bơm phồng, có thể thổi phồng","in'fleitəbl"
"nullify","ngoại động từ: huỷ bỏ; làm thành vô hiệu","'nʌlifai"
"wiredrawn","ngoại động từ wiredrew; wiredrawn: (kỹ thuật) kéo (kim loại) thành sợi","'wai dr :"
"simoon","danh từ: gió ximun (gió khô, nóng, kéo theo cát ở sa mạc A-rập)","si'mu:m"
"tetrastyle","tính từ: (kiến trúc) có cửa bốn cột, trước mặt có bốn cột","tetrəstail"
"spillikin","danh từ: thẻ (gỗ, xương... dùng trong một số trò chơi)","'spilikin"
"poltroon","danh từ: kẻ nhát gan, kẻ nhát như cáy","pɔl'tru:n"
"intuitional","tính từ: trực giác",",intju:'iʃənl"
"sneer","danh từ: cười khinh bỉ, cười chế nhạo","sniə"
"do-all","danh từ: người thạo mọi việc; người trông nom mọi việc","'du:ɔ:l"
"sackbut","danh từ: (từ cổ,nghĩa cổ) trombon (nhạc khí)","'sækbʌt"
"screw press","danh từ: (kỹ thuật) máy ép kiểu vít","'skru:pres"
"crocky","tính từ: (từ lóng) ốm yếu, kiệt sức","'krɔkəri"
"etymon","danh từ: (ngôn ngữ học) căn tổ từ nguyên","'etimɔn"
"pyroxene","danh từ: (khoáng chất) Piroxen","'pairɔksi:n"
"hereafter","phó từ: sau đây, sau này, trong tương lai","hiər'ɑ:ftə"
"forever","phó từ: mãi mãi, vĩnh viễn","fə'revə"
"ungula","danh từ,  số nhiều ungulea: (động vật học) móng; vuốt","'ʌɳgjulə"
"monological","tính từ: (sân khấu) (thuộc) kịch một vai; (thuộc) độc bạch",",mɔnə'lɔdʤik"
"nervous","tính từ: (thuộc) thần kinh","'nə:vəs"
"dehydration","danh từ: (hoá học) sự loại nước",",di:hai'dreiʃn"
"polyclinic","danh từ: phòng khám nhiều khoa",",pɔli'klinik"
"waul","nội động từ: kêu meo meo (mèo)","wɔ:l"
"king's peg","danh từ: cốc rượu sâm banh pha cônhắc","'kiɳzpeg"
"spiciness","danh từ: sự có gia vị, tính chất thơm","'spaisinis"
"solferino","danh từ: màu đỏ tía",",sɔlfə'ri:nou"
"straightforwardness","danh từ: tính thành thật, tính thẳng thắn; tính cởi mở","'streit'fɔ:wədnis"
"tantalization","danh từ: sự nhử, sự nhử trêu ngươi",",tæntəlai'zeiʃn"
"joyful","tính từ: vui mừng, hân hoan, vui sướng","'dʤɔiful"
"stipulator","danh từ: người quy định","'stipjuleitɔ"
"seven","tính từ: bảy","'sevn"
"gerundial","tính từ: (ngôn ngữ học) (thuộc) động danh từ; như động danh từ; dùng như động danh từ","dʤi'rʌndiəl"
"undiscountable","tính từ: không thể hạ bớt, không thể chiết khấu được","'ʌndis'kauntəbl"
"wittiness","danh từ: tính chất dí dỏm, tính chất tế nhị (của lời nói, nhận xét...)","'witinis"
"oophoritis","danh từ: (y học) viêm buồng trứng",",ouəfə'raitis"
"indian file","danh từ: (quân sự) hàng một","'indjən'fail"
"philanthropist","danh từ: người yêu người, kẻ thương người; người nhân đức","fi'lænθrəpist"
"prater","danh từ: người hay nói huyên thiên; người hay nói ba láp, người hay nói tầm phào","'preitə"
"unnoted","tính từ: không ai chú ý, không ai để ý đến","'ʌn'noutid"
"lymph","danh từ: (sinh vật học) bạch huyết","limf"
"grower","danh từ: người trồng","'grouə"
"goddaughter","danh từ: con gái đỡ đầu","'gɔd,dɔ:tə"
"grazer","nội động từ: ăn cỏ, gặm cỏ","'greizə"
"musicology","danh từ: âm nhạc học","'mju:zi'kɔlədʤi"
"ingloriousness","danh từ: tính chất nhục nhã","in'glɔ:riəs"
"forewent","động từ forewent; foregone: đi trước","fɔ:'gou"
"slype","danh từ: đường cầu, hành lang (trong nhà thờ)","slaip"
"solvent","tính từ: có khả năng hoà tan","'sɔlvənt"
"pansy","danh từ: (thực vật học) cây hoa bướm, cây hoa păng-xê; hoa bướm, hoa păng-xê","'pænzi"
"proliferate","động từ: (sinh vật học) nảy nở","proliferate"
"convolve","động từ,  (thường) động tính từ quá khứ: quấn lại","kən'vɔlv"
"honourable","tính từ ((từ Mỹ,nghĩa Mỹ) (cũng) honorable): đáng tôn kính, đáng kính trọng","'ɔnərəbl"
"avertable","tính từ: có thể ngăn ngừa, có thể ngăn chận, có thể tránh, có thể đẩy lui","ə'və:təbl"
"moth-proof","tính từ: chống nhậy","'mɔθpru:f"
"blotting-paper","danh từ: giấy thấm","'blɔtiɳ,peipə"
"acock","phó từ: đội lệch (mũ)","ə'kɔk"
"pigmy","danh từ: người lùn tịt","'pigmi"
"wedge","danh từ: cái nêm","wed"
"unnourishing","tính từ: không bổ","'ʌn'nʌriʃiɳ"
"fly-over bridge","danh từ: cầu chui (bắc qua đường nhiều xe cộ) ((cũng) fly-over)","fly-over bridge"
"mufti","danh từ: giáo sĩ Hồi giáo","'mʌfti"
"gas defence","danh từ: sự phòng chống hơi độc","'gæsdi'fens"
"eleventh","tính từ: thứ mười một","i'levnθ"
"incapaciousness","danh từ: sự chật hẹp, sự không đủ sức chứa",",inkə'peiʃəsnis"
"melody","danh từ: giai điệu","'melədi"
"flare-path","danh từ: (hàng không) đường băng có đèn sáng (để máy bay cất cánh, hạ cánh)","'fleəpɑ:θ"
"kirtle","danh từ (từ cổ,nghĩa cổ): áo dài","'kə:tl"
"fire-light","danh từ: ánh sáng lò sưởi","'faiəlait"
"fortitude","danh từ: sự chịu đựng ngoan cường; sự dũng cảm chịu đựng","'fɔ:titju:d"
"torus","danh từ,  số nhiều tori: (kiến trúc) đường gờ tròn quanh chân cột ((cũng) tore)","'tɔ:rəs"
"reversal","danh từ: sự đảo ngược (hình ảnh, câu...)","ri'və:səl"
"autocatalysis","danh từ: sự tự xúc tác",",ɔ:toukə'tælisis"
"water","danh từ: nước","'wɔ:tə"
"peeper","danh từ: người nhìn hé (qua khe cửa...)","'pi:pə"
"cabriolet","danh từ: xe độc mã",",kæbriou'lei"
"isn't","(viết tắt) của is not: ","'iznt"
"jurassic","tính từ: (địa lý,ddịa chất) (thuộc) kỷ jura","dʤu'ræsik"
"ironicalness","danh từ: sự mỉa, sự mỉa mai, sự châm biếm","ai'rɔnikəlnis"
"depolarization","danh từ: (vật lý) sự khử cực","'di:,poulərai'zeiʃn"
"escalade","danh từ: sự leo bằng thang",",eskə'leid"
"swarthy","tính từ: ngăm đen (da)","'swɔ:ði"
"unthoughtfulness","danh từ: sự không nghĩ ngợi, sự vô tư lự, sự vô tâm","' n'  :tfulnis"
"unshuttered","tính từ: không đóng cửa chớp; không đóng (cửa chớp)","' n'  t d"
"franciscan","tính từ: thuộc dòng thánh Fran-xít","fræn'siskən"
"flagellant","tính từ: tự đánh đòn","'flædʤilənt"
"capercailze","danh từ: (động vật học) gà rừng",",kæpə'keilji"
"approximate","tính từ: approximate to giống với, giống hệt với","ə'prɔksimit"
"turpeth","danh từ: rễ cây chìa vôi (trước đây dùng làm thuốc xổ)","'tə:peθ"
"cow-catcher","danh từ: (từ Mỹ,nghĩa Mỹ) cái gạt vật chướng ngại (ở đầu mũi xe lửa)","'kau,kætʃɔ"
"japan","danh từ: sơn mài Nhật; đồ sơn mài Nhật","dʤə'pæn"
"pyrometrical","tính từ: (thuộc) phép đo nhiệt cao",",pairou'metrik"
"negotiatress","danh từ: người điều đình, người đàm phán (đàn bà)","ni'gouʃieitris"
"consequential","tính từ: do hậu quả, do kết quả; là kết quả lôgíc của",",kɔnsi'kwenʃl"
"womb","danh từ: (giải phẫu) dạ con, tử cung","wu:m"
"phosphine","danh từ: (hoá học) photphin","'fɔsfi:n"
"good-looker","danh từ: (từ Mỹ,nghĩa Mỹ),  (từ lóng) người đẹp","'gud'lukə"
"kettle","danh từ: ấm đun nước","'ketl"
"embog","ngoại động từ: làm sa lầy ((nghĩa đen) & (nghĩa bóng))","im'bɔg"
"sublunary","tính từ: trần thế, trần gian","sʌb'lu:nə"
"warder","danh từ: cai ngục","'wɔ:də"
"pen and ink","danh từ: các thứ để viết, bút nghiên","'penənd'iɳk"
"dialyze","ngoại động từ: (hoá học) thẩm tách","'daiəlaiz"
"steam-jacket","danh từ: (kỹ thuật) áo hơi (bao quanh xylanh)","'sti:m'dʤækit"
"physiographic","tính từ: (thuộc) địa văn học",",fiziə'græfik"
"inebriant","tính từ: làm say","i'ni:briənt"
"platinization","danh từ: sự mạ platin",",plætinai'zeiʃn"
"alicylic","tính từ: (hoá học) (thuộc) vòng no",",æli'saiklik"
"hereabout","phó từ: quanh đây, gần đây","'hiərə,baut"
"tryprin","danh từ: (sinh vật học) Tripxin","'tripsin"
"liter","danh từ: lít","'li:tə"
"intrepidity","danh từ: tính gan dạ, tính dũng cảm",",intri'piditi"
"uncle","danh từ: chú; bác; cậu; dượng","'ʌɳkl"
"surprisal","danh từ: sự làm ngạc nhiên; sự ngạc nhiên","sə'praizəl"
"discussion","danh từ: sự thảo luận, sự bàn cãi, sự tranh luận; cuộc thảo luận, cuộc bàn cãi, cuộc tranh luận","dis'kʌʃn"
"rope-ladder","danh từ: thang dây","'roup'lædə"
"prune","ngoại động từ: sửa, tỉa bớt, xén bớt","prune"
"moronic","tính từ: (thuộc) người trẻ nít","mə'rɔnik"
"quacksalver","danh từ: lang băm","'kwæk,sælvə"
"pink tea","danh từ: (từ Mỹ,nghĩa Mỹ) tiệc trà hoa hoè hoa sói (của các bà)","'piɳk'ti:"
"pressure-group","danh từ: nhóm người gây sức ép (đối với một chính phủ)","'preʃə'gru:p"
"cuckold","danh từ: anh chồng bị cắm sừng","'kʌkəld"
"spumous","tính từ: có bọt, đầy bọt; nổi bọt","spju'mesnt"
"whip-saw","danh từ: (kỹ thuật) cưa khoét","'wips :"
"scented","tính từ: ướp nước hoa, xức nước hoa","'sentid"
"deck-hand","danh từ: người lau quét boong tàu","'dekhænd"
"unwillingly","phó từ: không bằng lòng, không vui lòng, miễn cưỡng","' n'wili li"
"peaceable","tính từ: yêu hoà bình","'pi:səbl"
"unbutton","ngoại động từ: mở khuy (áo...)","'ʌn'bʌtn"
"encroacher","danh từ: người xâm lấn, người xâm phạm","in'kroutʃə"
"pomona","danh từ: (thần thoại,thần học) nữ thần quả (thần thoại La-mã)","pə'mounə"
"simultaneity","danh từ: sự đồng thời; tính đồng thời",",siməltə'niəti"
"spendthrift","danh từ: người ăn tiêu hoang phí, người vung tay quá trán","'spendθrift"
"macadamize","ngoại động từ: đắp (đường) bằng đá dăm nện","mə'kædəmaiz"
"egyptology","danh từ: Ai-cập học (khoa khảo cứu cổ học Ai-cập)",",i:dʤip'tɔlədʤi"
"politeness","danh từ: sự lễ phép, sự lễ độ; sự lịch sự, sự lịch thiệp","pə'laitnis"
"o.k.","thán từ: (từ lóng) được!, đồng ý!, tán thành!, tốt!","'ou'kei"
"internode","danh từ: (thực vật học) gióng, lóng","'intənoud"
"hoar","tính từ: hoa râm (tóc)","'hɔ:"
"goof","danh từ: (từ lóng) người ngu, người ngốc","gu:f"
"cresset","danh từ: đèn chòi canh; đèn bến cảng","kresit"
"parachute","danh từ: cái dù (để nhảy)","'pærəʃu:t"
"purchasable","tính từ: có thể mua được, có thể tậu được; đáng mua, đáng tạo","'pə:tʃəsəbl"
"bathometer","danh từ: máy đo sâu","bə'θɔmitə"
"genera","danh từ,  số nhiều genera: (sinh vật học) phái, giống","'dʤi:nəs"
"reprovingly","phó từ: mắng mỏ, quở trách, khiển trách","ri'pru:viɳli"
"wilful","tính từ ((từ Mỹ,nghĩa Mỹ) willful): cố ý, chủ tâm","'wilful"
"dressing-gown","danh từ: áo khoác ngoài (mặc ở nhà khi trang sức, sau khi tắm... của đàn bà)","'dresiɳgaun"
"go-easy","tính từ (như) easy-going: ","'gou'i:zi"
"plumpness","danh từ: sự tròn trĩnh, sự phúng phính; vẻ mụ mẫm","'plʌmpnis"
"self-help","danh từ: sự tự lực","'self'help"
"immersion heater","danh từ: que đun nước (nhận chìm xuống nước)","i'mə:ʃn'hi:tə"
"chivalry","danh từ: phong cách hiệp sĩ","'ʃivəlri"
"accept","ngoại động từ: nhận, chấp nhận, chấp thuận","ək'sept"
"emasculative","tính từ: để thiến, để hoạn","i'mæskjuleitiv"
"womanlike","tính từ: như đàn bà, như phụ nữ","'wumənlaik"
"metacentric","tính từ: (toán học) khuynh tâm",",metə'sentrik"
"instructorial","tính từ: (thuộc) thầy dạy","in'strʌk'tɔ:riəl"
"incarnational","tính từ: (thuộc) sự hiện thân",",inkɑ:'neiʃənl"
"chimera","danh từ: (thần thoại Hy-lạp) quái vật đuôi rắn mình dê đầu sư tử","kai'miərə"
"unalienable","tính từ: không thể chuyển nhượng được, không thể nhường lại được","'ʌn'eiljənəbl"
"stilton","danh từ: phó mát xtintơn ((cũng) stilton cheese)","'stiltn"
"boodle","danh từ: bọn, đám, lũ","'bu:bl"
"bald-headed","tính từ: hói đầu","'bɔ:ld'hedid"
"unmusical","tính từ: không có tính chất nhạc, không du dương","'ʌn'mju:zikəl"
"first-quater","danh từ: trăng non","'fə:st'kwɔ:tə"
"cocked hat","danh từ: mũ ba góc không vành","'kɔkt'hæt"
"corrode","ngoại động từ: gặm mòn ((nghĩa đen) & (nghĩa bóng))","kə'roud"
"preconceive","ngoại động từ: nhận thức trước, nghĩ trước, tưởng tượng trước, định trước","'pri:kən'si:v"
"proletariate","danh từ: giai cấp vô sản","proletariate"
"repute","danh từ: tiếng, tiếng tăm, lời đồn","ri'pju:t"
"oyster-bar","danh từ: quầy bán sò (ở khách sạn)","'ɔistəbɑ:"
"cart-horse","danh từ: ngựa kéo xe","'kɑ:thɔ:s"
"saddler","danh từ: người làm yên cương; người bán yên cương","'sædlə"
"standard","danh từ: cờ hiệu, cờ (đen & bóng)","'stændəd"
"elysium","danh từ: thiên đường, chốn thiên đường (thần thoại Hy-lạp)","i'liziəm"
"sibyl","danh từ: bà đồng, bà cốt","'sibil"
"stereotypic","tính từ: (thuộc) phương pháp đúc bản in; (thuộc) thuật in bằng bản in đúc",",stiəriə'tipik"
"gnashing","danh từ: sự nghiến răng","'næʃiɳ"
"meager","tính từ: gầy còm, gầy gò, khẳng khiu, hom hem","'mi:gə"
"yea","phó từ & danh từ: (từ cổ,nghĩa cổ) (như) yes","jei"
"erratic","tính từ: thất thường, được chăng hay chớ, bạ đâu hay đấy","i'rætik"
"esquimaux","danh từ,  số nhiều Esquimaux: (như) Esquimo","'eskimou"
"monovalency","danh từ: (hoá học) hoá trị một","'mɔnou'veiləns"
"adulterate","tính từ: có pha (rượu)","ə'dʌltərit"
"unreadiness","danh từ: tình trạng không sẵn sàng, tình trạng không chuẩn bị","' n'redinis"
"anesthetic","tính từ:<i> (anesthetic)</i>: (y học) gây tê, gây mê",",ænis'θetik"
"waxen","tính từ: giống sáp; màu sáp, vàng nhạt (như sáp)","'wæksən"
"casque","danh từ: (sử học),  (thơ ca) mũ sắt","kæsk"
"mother-in-law","danh từ: mẹ chồng, mẹ v","'mʌðərinlɔ:"
"angustura","danh từ: vỏ angotua (vỏ một loài cây thuộc họ cam dùng làm thuốc giải nhiệt và thuốc bổ)",",æɳgɔs'tjuərə"
"holdup man","danh từ: kẻ cướp đường","'houldʌp'mæn"
"obvolute","tính từ: (thực vật học) cuốn ngược",",ɔbvə'lju:t"
"retrogress","nội động từ: đi giật lùi, đi ngược lại",",retrou'gres"
"reconversion","danh từ: sự đổi lại (ý kiến, tôn giáo, đảng...); sự cải tâm lại, sự cải tính lại, sự cải tà quy chính lại; sự quay về với Chúa","'ri:kən'və:ʃn"
"senatorship","danh từ: cương vị thượng nghị sĩ","'senətəʃip"
"generalize","động từ: tổng quát hoá; khái quát hoá","'dʤenərəlaiz"
"pastor","danh từ: mục sư","'pɑ:stə"
"lovability","danh từ: tính đáng yêu, tính dễ thương",",lʌvə'biliti"
"hireling","danh từ: người đi làm thuê","'haiəliɳ"
"blood-relation","danh từ: họ hàng máu mủ, bà con ruột thịt","'blʌdri'leiʃn"
"unwhitewashed","tính từ: không quét vôi trắng","' n'waitw  t"
"joss","danh từ: thần (ở Trung quốc)","dʤɔs"
"ichthyoid","tính từ: như cá","'ikθiɔid"
"palm-tree","danh từ: (thực vật học) cây cọ; cây loại cau dừa","'pɑ:mtri:"
"ethnologic","tính từ: (thuộc) dân tộc học",",eθnou'lɔdʤik"
"sword-arm","danh từ: tay phải","'sɔ:dɑ:m"
"bulimia","danh từ: (y học) chứng cuồng ăn vô độ; chứng háu ăn","bju:'limiə"
"abrogation","danh từ: sự bãi bỏ, sự huỷ bỏ, sự thủ tiêu; sự bài trừ",",æbrou'geiʃn"
"epifocus","danh từ: (địa lý,địa chất) tâm động đất ((cũng) epicentrum)","'episentə"
"parlor-maid","danh từ: cô hầu bàn","'pɑ:ləmeid"
"nubile","tính từ: đến tuổi lấy chồng, tới tuần cập kê (con gái)","'nju:bil"
"jam","danh từ: mứt","dʤæm"
"rhea","danh từ: (động vật học) đà điểu Mỹ","'riə"
"levitation","danh từ: sự bay lên",",levi'teiʃn"
"surroundings","danh từ số nhiều: vùng phụ cận, vùng xung quanh","sə'raundiɳz"
"involvement","danh từ: sự gồm, sự bao hàm","in'vɔlvmənt"
"hairpin","danh từ: cái cặp tóc","'heəpin"
"distortion","danh từ: sự vặn vẹo, sự bóp méo, sự làm méo mó","dis'tɔ:ʃn"
"peltae","danh từ,  số nhiều peltae  /'pelti:/: cái mộc nhỏ, cái khiên nhỏ","'peltə"
"annunciator","danh từ: người công bố; người loan báo, người loan tin","ə'nʌnʃieitə"
"pick-a-back","phó từ: trên lưng (cõng, vác); trên vai (đội, kiệu)","'pikəbæk"
"day-spring","danh từ: (thơ ca) bình minh, rạng đông","'deispriɳ"
"eastwards","phó từ: về phía đông ((cũng) eastward)","'i:stwədz"
"hackney-carriage","danh từ: xe ngựa cho thuê","'hækni,kæridʤ"
"shilling","danh từ: đồng silinh","'ʃiliɳ"
"disciplinarian","danh từ: người giữ kỷ luật","'disipli'neəriən"
"knitwear","danh từ: đồ đan, quần áo đan; hàng dệt kim","'nitweə"
"consistently","phó từ: (:<i> with) phù hợp với, thích hợp với</i>","kən'sistəntli"
"coherence","danh từ: sự gắn với nhau, sự dính với nhau; sự kết lại với nhau, sự cố kết","kou'hiərəns"
"excuse","danh từ: lời xin lỗi; lý do để xin lỗi","iks'kju:z"
"lowermost","tính từ: thấp nhất","'louəmoust"
"polyspast","danh từ: (kỹ thuật) Palăng","'pɔlispæst"
"wither","ngoại động từ: làm héo, làm tàn úa; làm teo","'wi"
"petuntse","danh từ: đất trắng (để làm đồ sứ ở Trung quốc)","pi'tuntsə"
"manifesto","danh từ: bản tuyên ngôn",",mæni'festou"
"partiality","danh từ: tính thiên vị, tính không công bằng",",pɑ:ʃi'æliti"
"ashake","tính từ: run (vì rét...)","ə'ʃeik"
"fiberless","tính từ: không có sợi, không có thớ","'faibəlis"
"distingué","tính từ: cao nhã, thanh lịch ((cũng) distinguished)","dis'tæɳgei"
"heathenise","ngoại động từ: làm thành ngoại đạo","'hi:ðənaiz"
"widish","tính từ: hi rộng","'waidi"
"cinder track","danh từ: (thể dục,thể thao) đường chạy rải than xỉ","'sindəpɑ:θ"
"box-keeper","danh từ: người dẫn chỗ ngồi (ở các lô trong rạp hát)","'bɔks,ki:pə"
"spatter-dock","danh từ: (thực vật học) cây súng vàng","'spætədɔk"
"salty","tính từ: (thuộc) muối; có muối, mặn","'sɔ:lti"
"microbial","tính từ: (thuộc) vi trùng, (thuộc) vi khuẩn","mai'kroubiəl"
"swallow-dive","danh từ: sự nhào kiểu chim nhạn (nhào) xuống nước, hai tay duỗi thẳng cho lúc đến gần mặt nước)","'swɔloudaiv"
"weatherman","danh từ: (từ Mỹ,nghĩa Mỹ),  (thông tục) nhà khí tượng học","'weðəmə"
"lend","ngoại động từ: cho vay, cho mượn","end"
"exsection","danh từ: sự cắt bỏ","ek'sektʃn"
"slalom","danh từ: cuộc thi trượt tuyết theo đường dốc có vật chướng ngại","'sleiləm"
"imbecilic","tính từ: (thuộc) người khờ dại, (thuộc) người đần",",imbi'silik"
"torridity","danh từ: sức nóng cháy, sức nóng như thiêu như đốt","tɔ'riditi"
"aery","danh từ: tổ chim làm tít trên cao (của chim săn mồi)","'eəri"
"ague-cake","danh từ: (y học) bệnh sưng lá lách do sốt rét","'eigju:keik"
"telephony","danh từ: điện thoại","ti'lefəni"
"hammerer","danh từ: người quai búa, người đập búa","'hæmərə"
"haematuria","danh từ: (y học) chứng đái ra máu",",hemə'tjuəriə"
"afreet","danh từ: con quỷ (thần thoại người Hồi)","'æfri:t"
"impishness","danh từ: tính tinh quái, tính tinh ma quỷ quái","'impiʃnis"
"dithyramb","danh từ: thơ tán tụng, thơ đitian","'diθiræmb"
"riding-lamp","danh từ: đèn hiệu lúc thả neo (tàu thuỷ)","'raidiɳ'læmp"
"posy","danh từ: bó hoa","'pouzi"
"unexhausted","tính từ: không bị hút (không khí, hơi, nước, bụi...)","'ʌnig'zɔ:stid"
"appetizer","danh từ: rượu khai vị","'æpitaizə"
"passivation","danh từ: (kỹ thuật) sự thụ động hoá",",pæsi'veiʃn"
"monstrousness","danh từ: tính chất kỳ quái, tính chất quái dị","'mɔnstrəsnis"
"celticism","danh từ: phong tục tập quán Xen-tơ","'keltisizm"
"unaware","tính từ: không biết, không hay","'ʌbə'weə"
"absorbable","tính từ: có thể nuốt được; có thể bị hút","əb'sɔ:bəbl"
"supersacral","tính từ: (giải phẫu) trên xương cùng",",sju:pə'seikrəl"
"lambaste","ngoại động từ: (tiếng địa phương) đánh quật, vật","læm'beist"
"immeasurability","danh từ: tính vô hạn, tính mênh mông, tính không thể đo lường được","i,meʤərə'biliti"
"gig","danh từ: xe độc mã hai banh","gig"
"osculatory","tính từ: (toán học) mật tiếp","'ɔskjulətəri"
"sun-bonnet","danh từ: mũ che gáy (có miếng che gáy để tránh nắng, của phụ nữ)","'sʌn,bɔnit"
"radii","danh từ: (hoá học) Rađi","'reidjəm"
"viridescent","tính từ: xanh lục nhạt",",viri'desnt"
"schematic","tính từ: (thuộc) lược đồ, (thuộc) giản đồ, (thuộc) sơ đồ","ski'mætik"
"panzers","danh từ số nhiều: (thông tục) quân thiết giáp","'pæntsəz"
"sand-box","danh từ: (sử học) bình rắc cát (để thấm mực)","'sændbɔks"
"centralization","danh từ: sự tập trung",",sentrəlai'zeiʃn"
"boscage","danh từ: lùm cây","'bɔskidʤ"
"hospital","danh từ: bệnh viện, nhà thương","'hɔspitl"
"bowpot","danh từ: lọ (cắm) hoa","'baupɔt"
"pipeclay","danh từ: đất sét trắng (dùng làm tẩu thuốc lá)","'paipklei"
"bimetallist","danh từ: người tán thành chế độ hai bản vị (về tiền tệ)","bai'metəlist"
"floriterous","tính từ: có hoa, mang hoa","floriterous"
"organotherapeutics","danh từ: (y học) phép chữa bằng phủ tạng",",ɔ:gənou,θerəpi"
"none","danh từ: không ai, chẳng một ai, không người nào; không vật gì","nʌn"
"colonizer","danh từ: kẻ đi chiếm thuộc địa; tên thực dân","'kɔlənaizə"
"amativeness","danh từ: tính đa tình, tính thích yêu đương","'æmətivnis"
"leatherette","danh từ: da giả","'leðə'ret"
"wester","nội động từ: xoay về tây, quay về tây, đi về phưng tây","'west"
"inauspiciousness","danh từ: sự gở; sự bất hạnh, sự không may, sự rủi ro",",inɔ:s'piʃəsnis"
"diastase","danh từ: (hoá học) điastaza","'daiəsteis"
"co-ed","danh từ: ((viết tắt) của co-educated) (từ Mỹ,nghĩa Mỹ) nữ học sinh đại học (trong trường chung cho con trai và con gái)","'kou'ed"
"eccentric","danh từ: người lập dị, người kỳ cục","ik'sentrik"
"freak","danh từ: tính đồng bóng, tính hay thay đổi","fri:k"
"weazen","tính từ: khô xác, nhăn nheo","'wizn"
"announcer","danh từ: người loan báo, người báo tin","ə'naunsə"
"deny","ngoại động từ: từ chối, phản đối, phủ nhận","di'nai"
"poisoning","danh từ: sự đầu độc","'pɔizniɳ"
"weak-spirited","tính từ: mềm yếu, thiếu can đảm","'wi:k'spritid"
"trump","danh từ: (từ cổ,nghĩa cổ),  (thơ ca) kèn trompet","trʌmp"
"egotistical","tính từ: (thuộc) thuyết ta là nhất, (thuộc) thuyết ta là trên hết",",egou'tistik"
"argilliferous","tính từ: có sét",",ɑ:dʤi'lifərəs"
"octant","danh từ: Octan (một phần tám của vòng tròn); góc 45 độ, cung 45 độ (trên vòng tròn)","'ɔktənt"
"taro","danh từ,  số nhiều taros: (thực vật học) cây khoai sọ; cây khoai nước","'tɑ:rou"
"quotidian","tính từ: hằng ngày","kwɔ'tidiən"
"planking","danh từ: ván (lát sàn...)","'plæɳkiɳ"
"tartarian","tính từ: (thuộc) Tác-ta","tɑ:'teəriən"
"bob-sled","danh từ: xe trượt (để) chở gỗ (ở Ca-na-đa)","'bɔbsled"
"pteridology","danh từ: (thực vật học) khoa nghiên cứu dương xỉ",",pteri'dɔlədʤi"
"uninsurable","tính từ: không thể bảo hiểm được","'ʌnin'ʃuərəbl"
"intumescent","tính từ: sưng, phồng, cương",",intju:'mesnt"
"excursatory","tính từ: để xin lỗi, để cáo lỗi","eks'kju:zətəri"
"spring-cleaning","danh từ: sự quét dọn nhà cửa vào mùa xuân","'spriɳ,kli:niɳ"
"winker","danh từ: (thông tục) con mắt","'wi k"
"landgrave","danh từ: (sử học) lãnh chúa (ở nước Đức xưa)","'lændgreiv"
"leathern","tính từ: bằng da","'leðə:n"
"taoist","danh từ: người theo đạo Lão","'tɑ:ouist"
"trawler","danh từ: tàu đánh cá bằng lưới rà","'trɔ:lə"
"sigh","danh từ: tiếng thở dài","sai"
"caw","danh từ: tiếng quạ kêu","kɔ:"
"smoke-jack","danh từ: lò quay (thịt) bằng hơi nóng","'smoukdʤæk"
"non-aqueous","tính từ: không có nước, khô","'nɔn'eikwiəs"
"uprisen","nội động từ uprose; uprisen: thức dậy; đứng dậy","p'raiz"
"loader","danh từ: người khuân vác","'loudə"
"serriostrade","tính từ: có mỏ khía răng cưa (chim)",",seri'rɔstrit"
"gingivitis","danh từ: (y học) viêm lợi",",dʤindʤi'vaitis"
"respecter","danh từ: người hay thiên vị (kẻ giàu sang)","ris'pektə"
"flitter-mice","danh từ,  số nhiều flitter-mice: (động vật học) con dơi","flitter-mice"
"eroticism","danh từ: tư tưởng dâm dục; tính đa dâm","e'rɔtisizm"
"non-aggression pact","danh từ: hiệp ước không xâm phạm lẫn nhau","'nɔnə'greʃn'pækt"
"sovietize","ngoại động từ: xô viết hoá","'souviətaiz"
"languishing","tính từ: ốm mòn, tiều tuỵ","'læɳgwiʃiɳ"
"superciliousness","danh từ: tính kiêu kỳ, tính hợm hĩnh; vẻ ta đây",",sju:pə'siliəsnis"
"mellowness","danh từ: tính chất chín, tính ngọt dịu (quả)","'melounis"
"intermodulation","danh từ: (raddiô) sự điều biến qua lại","'intə,mɔdju'leiʃn"
"airily","phó từ: nhẹ nhàng, uyển chuyển","'eərili"
"aurist","danh từ: (y học) thầy thuốc chuyên khoa tai","'ɔ:rist"
"savagely","phó từ: dã man, man rợ, độc ác","'sævidʤli"
"ginger beer","danh từ: nước gừng (đồ uống ướp gừng)","'dʤindʤə'biə"
"rectilinearity","danh từ: (toán học) tính thẳng","'rekti,lini'æriti"
"relegate","ngoại động từ: loại bỏ, bỏ xó, bỏ riêng ra","'religeit"
"concomitant","tính từ: đi kèm với, đi đôi với, cùng xảy ra, đồng thời","kən'kɔmitənt"
"holiday","danh từ: ngày lễ, ngày nghỉ","'hɔlədi"
"feather-weight","danh từ: người hết sức nhẹ; vật hết sức nhẹ","'feðəweit"
"trigynous","tính từ: (thực vật học) có ba nhuỵ (hoa)","'tridʤinəs"
"palmary","tính từ: đoạt giải nhất, chiến thắng; trội nhất, ưu tú; đáng khen","'pælməri"
"arrowroot","danh từ: (thực vật học) cây hoàng tinh, cây dong","'ærəru:t"
"aides-de-camp","danh từ,  số nhiều aides-de-camp: (quân sự) sĩ quan phụ tá, sĩ quan hầu cận","'eiddə'ka:ɳ"
"straight-edge","danh từ: thước thẳng","'streitedʤ"
"well-behaved","tính từ: có hạnh kiểm tốt, có giáo dục","'welbi'heivd"
"disputatious","tính từ: thích bàn cãi, thích tranh luận, hay lý sự",",dispju:'teiʃəs"
"centrifugal","tính từ: ly tâm","sen'trifjugel"
"limelight","danh từ: đèn sân khấu; ánh sáng đèn","'laimlait"
"preachy","tính từ: thích thuyết giáo, thích thuyết đạo lý","'pri:tʃi"
"enravish","ngoại động từ: làm vô cùng thích thú, làm mê thích, làm mê mẩn","in'ræptʃə"
"incongruent","tính từ: không thích hợp, không phù hợp","in'kɔɳgruənt"
"tuck-in","danh từ","'tʌk'in"
"addison's disease","danh từ: (y học) bệnh A-đi-sơn","'ædisnzdi',zi:z"
"ground-hog","danh từ: (động vật học) con macmôt Mỹ","'graund'hɔg"
"sworn","danh từ: lời thề","sweə"
"pipeful","danh từ: tẩu (đầy) (thuốc lá)","'paipful"
"stow","ngoại động từ: xếp gọn ghẽ (hàng hoá...)","stou"
"inescapable","tính từ: không thể thoát được, không tránh được",",inis'keipəbl"
"surface-water","danh từ: (địa lý,địa chất) nước trên mặt","'sə:fis,wɔ:tə"
"unless","liên từ: trừ phi, trừ khi, nếu không","ən'les"
"dale","(thơ ca): thung lũng (miền bắc nước Anh)","deil"
"telephonically","phó từ: bằng điện thoại",",teli'fɔnikəli"
"insolvency","danh từ: tình trạng không trả được nợ","in'sɔlvənsi"
"simplicity","danh từ: tính đơn giản","sim'plisiti"
"plane chart","danh từ: bình đồ, hải đồ phẳng","'pleintʃɑ:t"
"kite-balloon","danh từ: (quân sự) khi cầu thủ do thám","'kaitbə,bu:n"
"shaving-brush","danh từ: chổi (xoa xà phòng) cạo râu","'ʃeiviɳbrʌʃ"
"monarchistic","tính từ: (thuộc) chủ nghĩa quân chủ, quân chủ chủ nghĩa","'mɔnəkistik"
"unimaginable","tính từ: không thể tưởng tượng được; kỳ quái, phi thường",",ʌni'mædʤinəbl"
"dismantle","ngoại động từ: dỡ hết vật che đậy, lột bỏ vật phủ ngoài","dis'mæntl"
"oiliness","danh từ: tính chất nhờn","'ɔilinis"
"egalitarian","danh từ: người theo chủ nghĩa quân bình","i,gæli'teəriən"
"cause-list","danh từ: (pháp lý) danh sách những vụ đem ra xử","'kɔ:zlist"
"dastardliness","danh từ: sự hèn nhát","'dæstədlinis"
"herpes","danh từ: (y học) bệnh ecpet, bệnh mụn giộp","'hə:pi:z"
"inky","tính từ: đen như mực","'iɳki"
"bicker","nội động từ: cãi nhau vặt","'bikə"
"falt-bottomed","tính từ: có đáy bằng (thuyền...)","'flæt'bɔtəmd"
"penitential","tính từ: ăn năn, hối lỗi; để sám hối",",peni'tenʃəri"
"stillion","danh từ: giá kê thùng rượu","'stiliɳ"
"teen-age","tính từ (từ Mỹ,nghĩa Mỹ): ở tuổi từ 13 đến 19","'ti:n,eidʤ"
"saloon","danh từ: phòng khách lớn, hội trường (ở khách sạn...)","sə'lu:n"
"sword-bill","danh từ: (động vật học) chim mỏ kiếm","'sɔ:dbil"
"dumbfound","ngoại động từ: làm chết lặng đi, làm không nói lên được nữa, làm điếng người","dʌm'faund"
"faith-healer","danh từ: người chữa bệnh bằng cầu khẩn, người chữa bệnh bằng lòng tin","'feiθ,kjuərə"
"coronated","tính từ: (thực vật học),  (động vật học) có vành","'kɔrəneit"
"metallise","ngoại động từ: chế thành kin loại","'metəlaiz"
"valueless","tính từ: không có giá trị","'vælvlis"
"kulak","danh từ: phú nông,  cu-lắc (Nga)","ku:'lɑ:k"
"origin","danh từ: gốc, nguồn gốc, căn nguyên, khởi nguyên","'ɔridʤin"
"geosynclinal","danh từ: (địa lý,ddịa chất) địa máng",",dʤi:ousin'klainəl"
"inadvertent","tính từ: vô ý, không chú ý; thiếu thận trọng, sơ xuất, cẩu thả",",inəd'və:tənt"
"briefing","danh từ: (quân sự) chỉ thị, lời chỉ dẫn (về chiến thuật...)","'bri:fiɳ"
"otology","danh từ: (y học) khoa tai","ou'tɔlədʤi"
"umber","danh từ: màu nâu đen","'ʌmbə"
"carriageable","tính từ: xe chạy được (đường sá)","'kæridʤəbl"
"warfare","danh từ: (quân sự) chiến tranh","'wɔ:feə"
"money-grubber","danh từ: kẻ bo bo giữ tiền","'mʌni,grʌbə"
"catalogue","danh từ: bản liệt kê mục lục","'kætəlɔg"
"coal-bed","danh từ: vỉa than","'koulbed"
"whipper-snapper","danh từ: (thông tục) nhóc con bắng nhắng, nhóc con hay quấy rầy","'wip ,sn p"
"fled","thời quá khứ & động tính từ quá khứ của flee: ","fled"
"unsalability","danh từ: (thưng nghiệp) tình trạng không thể bán được","' n,seil 'biliti"
"colt","danh từ: ngựa non","koult"
"platan","danh từ: (thực vật học) cây tiêu huyền ((cũng) plane)","'plætən"
"swither","danh từ: (Ê-cốt) sự nghi ngờ; sự phân vân, sự lưỡng lự","'swiðə"
"drawing-block","danh từ: sổ lề để vẽ","'drɔ:iɳblɔk"
"cloy","ngoại động từ: làm cho phỉ; làm cho chán, làm phát ngấy ((nghĩa đen) & (nghĩa bóng))","klɔi"
"dotty","tính từ: có chấm, lấm chấm","'dɔti"
"vinegar","danh từ: giấm","'vinigə"
"devilism","danh từ: tính hung ác, tính hung bạo, tính độc ác, tính ác nghiệt","'devlizm"
"soprani","danh từ,  số nhiều sopranos,  soprani: (âm nhạc) giọng nữ cao","sə'prɑ:nou"
"objectify","ngoại động từ: làm thành khách quan; thể hiện khách quan","ɔb'dʤektifai"
"incarceration","danh từ: sự bỏ tù, sự tống giam","in,kɑ:sə'reiʃn"
"scent-organ","danh từ: (động vật học) túi xạ; tuyến thơm","'sent,ɔ:gən"
"squeak","danh từ: tiếng rúc rích, tiếng chít chít (chuột)","skwi:k"
"commensurableness","danh từ: tính có thể so được với nhau","kə,menʃərə'biliti"
"dug","thời quá khứ & động tính từ quá khứ của dig: vú, đầu vú, núm vú (của thú cái, không dùng cho đàn bà trừ khi ngụ ý khinh bỉ)","dʌg"
"swivel seat","danh từ: ghế quay","'swivl'tʃeə"
"shell-proof","tính từ: chống được đạn đại bác, chống được trái phá; trái phá bắn không thủng","'ʃelpru:f"
"unwavering","tính từ: không rung rinh, không lung lay","n'weiv ri"
"cross-bones","danh từ số nhiều: hình xương chéo (đặt dưới hình sọ đầu lâu, dùng trong tượng trưng cho cái chết hoặc sự nguy hiểm chết người)","'krɔsbounz"
"outpouring","danh từ: sự đổ ra, sự chảy tràn ra","'aut,pɔ:riɳ"
"flake","danh từ: giàn, giá phơi (để phơi cá...)","fleik"
"rebus","danh từ: câu đố bằng hình vẽ, bài thơ đố bằng hình vẽ","'ri:bəs"
"observational","tính từ: (thuộc) sự quan sát, (thuộc) sự theo dõi",",ɔbzə:'veiʃənl"
"amphitheatrical","tính từ: (thuộc) giảng đường",",æmfiθi'ætrikəl"
"sunn","danh từ: (thực vật học) cây lục lạc ((cũng) sunn hemp)","sʌn"
"miser","danh từ: người keo kiệt, người bủn xỉn","'maizə"
"femininity","danh từ: (như) feminineness","femi'niniti"
"gangster","danh từ: kẻ cướp,  găngxtơ","'gæɳstə"
"toughen","ngoại động từ: làm dai, làm bền, làm cứng rắn, làm dẻo dai, làm quen chịu đựng (gian khổ...), tôi luyện","'tʌfn"
"barrister-at-law","danh từ,  số nhiều barristers-at-law: (như) barrister","'bæristərət'lɔ:"
"take-in","danh từ: sự lừa gạt, sự lừa phỉnh","'teik'in"
"infer","ngoại động từ: suy ra, luận ra; kết luận, đưa đến kết luận","in'fə:"
"melting-pot","danh từ: nồi đúc, nồi nấu kim loại","'meltiɳ'pɔt"
"mongrelize","ngoại động từ: lai giống","'mʌɳgrəlaiz"
"three-cornered","tính từ: có ba góc","'əri:'kɔ:nəd"
"wickedness","danh từ: tính chất đồi bại","'wikidnis"
"whene'er","phó từ & liên từ: (th ca) (như) whenever","wen'e"
"crown","danh từ: mũ miện; vua, ngôi vua","kraun"
"noble","tính từ: (thuộc) quý tộc, quý phái","'noubl"
"red-necked","tính từ: có cổ đỏ","'red'nekt"
"ogive","danh từ: hình cung nhọn; vòm hình cung nhọn","'oudʤaiv"
"sinless","tính từ: vô tội","'sinlis"
"three-point landing","danh từ: (hàng không) sự hạ cánh an toàn","'θri:pɔint'lændiɳ"
"rakety","tính từ: ồn ào, om sòm, huyên náo","'rækili"
"hermitical","tính từ: (thuộc) nhà ẩn dật; thích hợp với nhà ẩn dật","hə:'mitik"
"foreseen","ngoại động từ foresaw,  foreseen: nhìn thấy trước, dự kiến trước, đoán trước, biết trước","fɔ:'si:"
"fats","danh từ: (Fats) (dùng như số ít) (từ Mỹ,nghĩa Mỹ),  (như) fatso","fæts"
"imbody","ngoại động từ: (từ Mỹ,nghĩa Mỹ) (như) embody","im'bɔdi"
"tailor","danh từ: thợ may","'teilə"
"investiture","danh từ ((cũng) investment): lễ phong chức","in'vestitʃə"
"underexposed","tính từ: (nhiếp ảnh) chụp non (phim)","'ʌndəriks'pouzd"
"unsymmetrical","tính từ: không đối xứng, không cân đối","' nsi'metrik l"
"abortifacient","tính từ: phá thai, làm sẩy thai","ə'bɔ:ti'feiʃənt"
"falling star","danh từ: sao băng","'fɔ:liɳ'stɑ:"
"obey","động từ: vâng lời nghe lời, tuân theo, tuân lệnh","ə'bei"
"relent","nội động từ: bớt nghiêm khắc, trở nên thuần tính, dịu lại","ri'lent"
"demagogical","tính từ: mị dân",",demə'gɔgik"
"n","danh từ,  số nhiều N's: n","en"
"milk and honey","danh từ: cảnh phong lưu","'milkənd'hʌni"
"sophistication","danh từ: sự nguỵ biện","sə,fisti'keiʃn"
"photophobia","danh từ: (y học) chứng sợ ánh sáng",",foutə'foubiə"
"obsolescence","danh từ: sự không còn dùng nữa, tính cũ đi",",ɔbsə'lesns"
"uncorroborated","tính từ: không được chứng thực, không được xác nhận","'ʌnkə'rɔbəreitid"
"anhydride","danh từ: (hoá học) Anhydrit","æn'haidraid"
"haggish","tính từ: (thuộc) mụ phù thuỷ; như mụ phù thuỷ","'hægiʃ"
"pragmatical","tính từ:<i> (pragmatical) /præg'mætikəl/</i>: (triết học) thực dụng","præg'mætik"
"nude","tính từ: trần, trần truồng, khoả thân","nju:d"
"outbalance","ngoại động từ: nặng hơn","aut'bæləns"
"byre","danh từ: chuồng bò","'baiə"
"bunny","danh từ: khuấy 6","'bʌɳni"
"enroll","ngoại động từ: tuyển (quân...)","in'roul"
"pyrrhonist","danh từ: (triết học) người theo chủ nghĩa hoài nghi của Pi-rô","'pirənist"
"vexatiousness","danh từ: tính chất làm bực mình, tính chất phiền phức","vek'seiʃəsnis"
"disguise","danh từ: sự trá hình, sự cải trang","dis'gaiz"
"dulcify","ngoại động từ: làm dịu, làm êm dịu","'dʌlsifai"
"house-agent","danh từ: người môi giới thuê nhà; người môi giới bán nhà","'haus,eidʤənt"
"canoeist","danh từ: người bơi xuồng; người thích bơi xuồng","kə'nu:ist"
"dynastic","tính từ: (thuộc) triều đại, (thuộc) triều vua","di'næstik"
"slum-clearance","danh từ: sự phá bỏ những khu nhà ổ chuột","'slʌm,kliərəns"
"retuse","tính từ: (thực vật học) rộng đầu (lá)","ri'tju:s"
"brogue","danh từ: giày vò (bằng da không thuộc để đi núi...)","broug"
"mountebankery","danh từ: thủ đoạn lừa gạt của bọn bán thuốc rong; thủ đoạn lừa gạt của lang băm","'mauntibæɳkəri"
"frillery","danh từ: sự làm diềm bằng vải xếp nếp","'friləri"
"overweening","tính từ: quá tự cao, quá tự phụ, quá tự tin, vênh váo ta đây",",ouvə'wi:niɳ"
"putt","danh từ ((cũng) put): (thể dục,thể thao) cú đánh nhẹ (quả bóng) vào lỗ đánh gôn","pʌt"
"diamond-drill","danh từ: khoan có mũi kim cương","'daiəmənd'dril"
"steel wool","danh từ: bùi nhùi thép (để rửa bát)","'sti:l'wu:l"
"pleomorphic","tính từ: (hoá học) nhiều hình (tinh thể)","pli:ə'mɔ:fik"
"meteoric","tính từ: (thuộc) sao băng, như sao băng",",mi:ti'ɔrik"
"swindlingly","phó từ: lừa đảo, bịp bợm","'swindliɳli"
"silex","danh từ: đá lửa","'saileks"
"abstruse","tính từ: khó hiểu","æb'stru:s"
"spadger","danh từ: (từ lóng) chim sẻ","'spædʤə"
"night-clothes","danh từ: quần áo ngủ","'naitklouðz"
"levantine","tính từ (Levantine): cận đông","'levəntain"
"sewing silk","danh từ: chỉ tơ xe","'souiɳ'silk"
"mystify","nội động từ: làm bối rối, làm hoang mang","'mistifai"
"thermostatics","danh từ,  số nhiều dùng như số ít: nhiệt tĩnh học","'θə:moustætiks"
"idiomatic","tính từ: (thuộc) thành ngữ; có tính chất thành ngữ",",idiə'mætik"
"tarpon","danh từ: (động vật học) cá cháo","'tɑ:pɔn"
"baton","danh từ: dùi cui (cảnh sát)","'bætən"
"bone-shaker","danh từ: (thông tục) xe đạp bánh đặc; xe đạp cà tàng","'boun,ʃeikə"
"elf-locks","danh từ: mớ tóc rối","'elflɔk"
"bamboozlement","danh từ: (từ lóng) sự bịp, sự lừa bịp","bæm'bu:zlmənt"
"politic","tính từ: thận trọng, khôn ngoan, khôn khéo;; sáng suốt, tinh tường, sắc bén (về chính trị...) (người, hành động)","'pɔlitik"
"unsmiling","tính từ: không cười; nghiêm trang, nghiêm nghị","' n'smaili"
"gorgonize","ngoại động từ: ((thường) :<i> at) nhìn trừng trừng</i>","'gɔ:gənaiz"
"intumesce","nội động từ: sưng, phồng, cương lên",",intju:'mes"
"declamatory","tính từ: có tính chất ngâm, có tính chất bình","di'klæmətəri"
"whiplash","danh từ: dây buộc đầu roi","'wipl"
"immaculate","tính từ: tinh khiết, trong trắng, không vết","i'mækjulit"
"wardrobe","danh từ: tủ quần áo","'wɔ:droub"
"imaginary","tính từ: tưởng tượng, không có thực, ảo","i'mædʤinəri"
"dog-weary","tính từ: mệt lử, mệt rã rời","'dɔg'taiəd"
"ask","động từ: hỏi","ɑ:sk"
"presumable","tính từ: có thể được, có thể cho là đúng, có thể cầm bằng; có thể đoán chừng","pri'zju:məbl"
"jest","danh từ: lời chế nhạo, lời chế giễu, lời giễu cợt","dʤest"
"ichnology","danh từ: khoa nghiên cứu dấu chân hoá thạch","ik'nɔlədʤi"
"loose-tongued","tính từ: ba hoa, nói năng bừa bãi","'lu:stʌɳd"
"peep-show","danh từ: trò xem ảnh qua lỗ nhòm (có kính phóng to)","'pi:pʃou"
"peltate","tính từ: (thực vật học) hình khiên","'pelti:"
"migratory","tính từ: di trú, nay đây mai đó","mai'greitəri"
"qualyficatory","tính từ: làm cho có đủ tư cách","'kwɔlifikətəri"
"tangerine","danh từ: quả quít ((cũng) tangerine orange)",",tændʤə'ri:n"
"desecrate","ngoại động từ: làm mất tính thiêng liêng","'desikreit"
"receipt-book","danh từ: số tiền nhận; quyển biên lai","ri'si:tbuk"
"four-course","tính từ: có bốn vụ, quay vòng bốn vụ (mùa gieo trồng)","'fɔ:'kɔ:s"
"retractility","danh từ: tính co rút",",ri:træk'tiliti"
"earth-born","tính từ: trần tục","'ə:θbɔ:n"
"babble","danh từ:<i> (babblement)</i>: tiếng bập bẹ, tiếng bi bô (trẻ con)","'bæbl"
"scoriae","danh từ,  số nhiều scoriae: xỉ","scoria"
"user","danh từ: người dùng, người hay dùng","'ju:z"
"adder's tongue","danh từ: (thực vật học) cây lưỡi rắn (dương xỉ)","'ædəspit"
"state chamber","danh từ: phòng khánh tiết (dành cho những lễ lớn của nhà nước)","'steit'tʃæmbə"
"space age","danh từ: thời dại du hành vũ trụ (kể từ ngày phóng vệ tinh nhân tạo đầu tiên 4 20 2957)","'speis'eidʤ"
"betterment","danh từ: sự làm tốt hơn, sự cải tiến, sự cải thiện","'betəmənt"
"acidly","phó từ: chua chát, gay gắt","'æsidli"
"spectre","danh từ: (nghĩa bóng) ma","'spektə"
"annulate","tính từ: (số nhiều) có đốt","'ænjuleit"
"overfull","tính từ: đầy quá","'ouvə'ful"
"abortive","tính từ: đẻ non","ə'bɔ:tiv"
"indiscipline","danh từ: sự vô kỷ luật","in'disiplin"
"transcend","ngoại động từ: vượt quá, hơn","træn'send"
"hurdle","danh từ: bức rào tạm thời (để quây súc vật...)","'hə:dl"
"traveller","danh từ: người đi du lịch, người du hành","'trævlə"
"prognostication","danh từ: sự báo trước, sự đoán trước, sự nói trước","prognostication"
"uncushioned","tính từ: không kê gối, không lót gối; không có nệm (ghế)","'ʌn'kuʃnd"
"dress rehearsal","danh từ: (sân khấu) buổi tổng duyệt (có mặc quần áo, hoá trang như diễn thật)","'dresri'hə:səl"
"aliment","danh từ: đồ ăn","'ælimənt"
"carpet-bagger","danh từ: người ứng cử (quốc hội...) ở ngoài địa hạt của mình; người vận động về chính trị ngoài địa hạt của mình","'kɑ:pit,bægə"
"enshroud","ngoại động từ: bọc kín (như liệm); phủ kín, che lấp","in'ʃraud"
"suspicious","tính từ: đáng ngờ, khả nghi; ám muội, mập mờ (thái độ...)","səs'piʃəs"
"kilocalorie","danh từ: kilôcalo","'kilou,kæləri"
"unvalued","tính từ: (tài chính) không có giá, không định giá","' n'v lju:d"
"baggy","tính từ: rộng lùng thùng, phồng ra (quần...; phì ra","'bægl"
"saturnic","tính từ: (y học) bị nhiễm độc chì","sæ'tə:nik"
"forager","danh từ: người cắt cỏ (cho súc vật)","'fɔridʤə"
"medical","tính từ: y, y học","'medikəl"
"propagandist","danh từ: nhân viên tuyên truyền","propagandist"
"oxygenate","ngoại động từ: (hoá học) Oxy hoá","ɔk'sidʤineit"
"apocarpous","tính từ: (thực vật học) có lá noãn rời",",æpou'kɑ:pəs"
"tusser","danh từ: lụa tuytxo ((từ Mỹ,nghĩa Mỹ) (cũng) tussah)","'tʌsə"
"phrenological","tính từ: (thuộc) não tướng học",",frenə'lɔdʤikəl"
"humanly","phó từ: với cái nhìn của con người, với cung cách con người; với tình cảm con người; bằng những phương tiện thông thường của con người; trong phạm vi hiểu biết của con người","'hju:mənli"
"hook","danh từ: cái móc, cái mác","huk"
"bodied","tính từ: có thân thể ((thường) ở từ ghép)","'bɔdid"
"paranoea","danh từ: (y học) Paranoia, chứng hoang tưởng bộ phận",",pærə'ni:ə"
"sabbatize","động từ: theo tục nghỉ ngày xaba","'sæbətaiz"
"mnemonics","danh từ,  số nhiều dùng như số ít: thuật nh","ni:'mɔniks"
"roasting-jack","danh từ: xiên nướng thịt","'roustiɳdʤæk"
"anaclastic","tính từ: (thuộc) khúc xạ; có tính khúc xạ",",ænə'klæstik"
"stenciller","danh từ: người làm khuôn tô","'stensilə"
"recant","động từ: công khai, rút lui và từ bỏ; công khai rút (ý kiến...)","ri'kænt"
"unvarnished"," n'v :ni t/","' n'v :ni t -  n'v :ni t"
"pernorate","nội động từ: kết luận bài diễn văn","'perəreit"
"porous","tính từ: rỗ, thủng tổ ong","'pɔ:rəs"
"brown-shirt","danh từ: đảng viên đảng Quốc xã (Đức)","'braunʃə:t"
"loud speaker","danh từ: (raddiô) cái loa; cái phóng thanh ((cũng) speaker)","'laud'spi:kə"
"fairy","tính từ: (thuộc) tiên, (thuộc) cánh tiên","'feəri"
"smartness","danh từ: sự mạnh, sự ác liệt; sự mau lẹ","'smɑ:tnis"
"trooper","danh từ: kỵ binh; lính đơn vị thiết giáp","'tru:pə"
"basset","danh từ: chó baxet (một giống chó lùn)","'bæsit"
"armadillo","danh từ: (động vật học) con tatu",",ɑ:mə'dilou"
"fenny","tính từ: (thuộc) đầm lầy; lầy","'feni"
"italicization","danh từ: (ngành in) sự in ngả","i,tælisai'zeiʃn"
"insurgent","tính từ: nổi dậy, khởi nghĩa, nổi loạn","in'sə:dʤənt"
"freckle","danh từ: tàn nhang (trên da)","'frekl"
"sordidness","danh từ: tính bẩn thỉu; sự nhớp nhúa","'sɔ:didnis"
"appellee","danh từ: (pháp lý) bên bị, người bị cáo",",æpe'li:"
"parody","danh từ: văn nhại, thơ nhại","'pærədi"
"historiography","danh từ: việc chép sử; thuật chép sử",",histɔ:ri'ɔgrəfi"
"bilk","ngoại động từ: quịt, trốn (nợ)","bilk"
"spicy","tính từ: có bỏ gia vị","'spaisi"
"peremptory","tính từ: cưỡng bách","pə'remptəri"
"motor-boat","nội động từ: đi thuyền máy, đi xuồng máy","'moutəbout"
"wirework","danh từ: kỹ thuật kéo sợi (kim loại)","'wai w :k"
"microorganism","danh từ: vi sinh vật","'maikrou'ɔ:gənizm"
"space rocket","danh từ: tên lửa vũ trụ","'speis'rɔkit"
"runt","danh từ: nòi bò nhỏ; nòi vật nhỏ","rʌnt"
"villi","danh từ,  số nhiều villi: (giải phẫu) lông nhung","'viləs"
"partan","danh từ: (Ê-cốt) con cua","'pɑ:tn"
"antipoison","danh từ: thuốc giải độc","'ænti'pɔizn"
"doctoress","danh từ: nữ tiến sĩ","'dɔktəris"
"crossing","danh từ: sự đi qua, sự vượt qua","'krɔsiɳ"
"humdrum","tính từ: nhàm, chán, buồn tẻ","'hʌmdrʌm"
"inordinateness","danh từ: tính quá mức, tính quá xá, tính quá quắt, tính quá chừng","in'ɔ:dinitnis"
"handy man","danh từ: người làm những công việc lặt vặt","'hændimæn"
"unspent","tính từ: không tiêu đến; chưa dùng","' n'spent"
"sericulturist","danh từ: người nuôi tằm",",seri'kʌltʃərist"
"bested","(bất qui tắc) động từ besteaded: giúp đỡ, giúp ích cho","bi'sted"
"assafoetida","danh từ: (thực vật học) cây a nguỳ",",æsə'fetidə"
"revive","ngoại động từ: làm sống lại, làm tỉnh lại","ri'vaiv"
"doughboy","danh từ ((từ Mỹ,nghĩa Mỹ) (cũng) dough): màn thầu, bánh mì hấp","'doubɔi"
"apocrypha","danh từ: (tôn giáo) kinh nguỵ tác","ə'pɔkrifə"
"wearisomeness","danh từ: tính chất mệt nhọc, tính chất làm mệt","'wiərisəmnis"
"psycophysiology","danh từ: khoa sinh lý tâm lý",",saikoufizi'ɔlədʤi"
"urine","danh từ: nước đái, nước tiểu","'ju rin"
"virginhood","danh từ: sự trong trắng, sự trinh bạch, sự trinh khiết; chữ trinh","'və:dʤinhud"
"photochemistry","danh từ: quang hoá học",",foutou'kemistri"
"lampooner","ngoại động từ: viết văn đả kích","læm'pu:nə"
"toaster","danh từ: người nướng bánh","toustə"
"statistician","danh từ: nhà thống kê, người thống kê",",stətis'tiʃn"
"snow-storm","danh từ: bão tuyết","'snoustɔ:m"
"guano","ngoại động từ: bón bằng phân chim","'gwɑ:nou"
"coroner","danh từ: (pháp lý) nhân viên điều tra những vụ chết bất thường (tai nạn)","'kɔrənə"
"handicap","danh từ: cuộc thi có chấp (đẻ cho hai bên cân sức)","'hændikæp"
"stem","danh từ: (thực vật học) thân (cây); cuống, cọng (lá, hoa)","stem"
"doctrinal","tính từ: (thuộc) chủ nghĩa, (thuộc) học thuyết","dɔk'trainl"
"yours","đại từ sở hữu: cái của anh, cái của chị, cái của ngài, cái của mày; cái của các anh, cái của các chị, cái của các ngài, cái của chúng mày","jɔ:z"
"ahem","thán từ: a hèm! (hắng giọng để làm cho người ta chú ý hay để có thì giờ suy nghĩ...)","ə'hem"
"self-confident","tính từ: tự tin","'self'kɔnfidənt"
"phallicism","danh từ: sự tôn thờ dương vật","'fælisizm"
"processional","tính từ: (thuộc) đám rước; dùng trong đám rước; mang trong đám rước, hát trong đám rước","processional"
"ill-treatment","danh từ: sự hành hạ, sự bạc đâi, sự ngược đãi","'il'tri:tmənt"
"bequest","danh từ: sự để lại (bằng chúc thư)","bi'kwest"
"guerrilla","danh từ: du kích, quân du kích","gə'rilə"
"fruity","tính từ: (thuộc) quả, (thuộc) trái cây","'fru:ti"
"parabomb","danh từ: bom dù nổ chậm",",pærə'bɔm"
"marsh fever","danh từ: bệnh sốt rét, bệnh ngã nước","'mɑ:ʃ'fi:və"
"dead-leaf","tính từ: màu lá úa, màu vàng úa","'ded'li:f"
"mellifluence","danh từ: sự ngọt ngào, sự dịu dàng (giọng nói, lời nói)","me'lifluəns"
"dendrology","danh từ: thụ mộc học","den'drɔlədʤi"
"amplexicaul","tính từ: (thực vật học) ôm thân (lá)","æm'pleksikɔ:l"
"advancement","danh từ: sự tiến lên, sự tiến tới, sự tiến bộ; sự thúc đẩy, sự làm cho tiến lên","əb'vɑ:nsmənt"
"vacillatory","tính từ: lắc lư, lao đảo; chập chờn","'væsilətəri"
"temporization","danh từ: sự trì hoãn, sự chờ thời; kế hoãn binh",",tempərai'zeiʃn"
"peeling","danh từ: vỏ bóc ra, vỏ gọt ra","'pi:liɳ"
"slightingly","phó từ: coi thường, coi nhẹ, xem khinh","'slaitiɳli"
"aloofness","danh từ: sự tách ra","ə'lu:fnis"
"tafferel","danh từ: lan can sau khoang lái (tàu thuỷ)","'tæfreil"
"lesser","tính từ,  cấp so sánh của little: nhỏ hơn, bé hơn, ít hơn","'lesə"
"dissociable","tính từ: có thể phân ra, có thể tách ra","di'souʃjəbl"
"unaffected","tính từ: không xúc động, không động lòng, thản nhiên",",ʌnə'fektid"
"evangelicalism","danh từ (tôn giáo): thuyết Phúc âm",",i:væn'dʤelikəlizm"
"sea-god","danh từ: hà bá","'si:'gɔd"
"minded","tính từ: thích, sãn lòng, vui lòng","'maindid"
"eclogue","danh từ: (văn học) Eclôgơ (một loại thơ đồng quê ngắn)","'eklɔg"
"vexation","danh từ: sự làm bực mình, sự làm phật ý","vek'seiʃn"
"poetize","nội động từ: làm thơ","'pouitaiz"
"hostage","danh từ: con tin","'hɔstidʤ"
"tuyère","danh từ: (kỹ thuật) ống gió, ống bễ","twi:'jeə"
"gossoon","danh từ: Ai-len đứa bé, thằng bé","gə'su:n"
"south-easterly","tính từ: đông nam","sauθ'i:stəli"
"toe-cap","danh từ: mũi giày","'toukæp"
"smoke-tree","danh từ: (thực vật học) cây hoa khói, cây côtinut (họ đào lột hột)","'smoukplɑ:nt"
"evaginate","ngoại động từ: (sinh vật học) lộn trong ra ngoài","i'vædʤineit"
"patard","danh từ: bộc phá","pe'tɑ:d"
"kittiwake","danh từ: (động vật học) mòng biển xira","'kitiweik"
"imageable","tính từ: có thể vẽ hình","'imidʤəbl"
"piano","danh từ: (âm nhạc) pianô","'pjænou"
"kalong","danh từ: (động vật học) dơi quạ (Mã-lai)","'kɑ:lɔɳ"
"wage hike","danh từ: (từ Mỹ,nghĩa Mỹ) (như) wage-rise","'weidʤ'haik"
"grade-crossing","danh từ: (từ Mỹ,nghĩa Mỹ)","'greid,krɔsiɳ"
"idol","danh từ: tượng thần, thần tượng","'aidl"
"drill","danh từ: (kỹ thuật) mũi khoan; máy khoan","dril"
"passer-by","danh từ,  số nhiều passers-by  /'pɑ:səz'bai/: khách qua đường ((cũng) passer)","'pɑ:sə'bai"
"belong","nội động từ: thuộc về, của, thuộc quyền sở hữu","bi'lɔɳ"
"mob","danh từ: đám đông","mɔb"
"over","danh từ: trên; ở trên","'ouvə"
"inwove","ngoại động từ inwove; inwoven: dệt lẫn (cái này vào với cái khác), dệt xen ((nghĩa đen) & (nghĩa bóng))","'inwədz"
"trochee","danh từ: thơ corê","'trouki:"
"slip-road","danh từ: đường nhỏ, đường mòn (ở địa phương)","'sliproud"
"fecundity","danh từ: sự mắn, sự đẻ nhiều","fi'kʌnditi"
"pacificism","danh từ: chủ nghĩa hoà bình","pə'sifisizm"
"retranslation","danh từ: sự dịch lại; bản dịch lại","'ri:træns'leiʃn"
"offer","danh từ: sự đưa tay ra, sự tỏ ra sẵn sàng cho, sự tỏ ra sẵn sàng làm","'ɔfə"
"inferno","danh từ,  số nhiều infernos: địa ngục","in'fə:nou"
"foreign","tính từ: (thuộc) nước ngoài, từ nước ngoài, ở nước ngoài","'fɔrin"
"coil","danh từ: cuộn","kɔil"
"antidazzle","tính từ: không làm loá mắt (đèn pha)","'æntidæzl"
"batik","danh từ: (nghành dệt) lối in hoa batic (bằng cách bôi sáp lên những chỗ không muốn nhuộm màu)","'bætik"
"bullfight","danh từ: trận đấu bò, trò đấu bò (ở Tây ban nha)","'bulfait"
"polychrome","tính từ: nhiều sắc",",pɔlikrə'mætik"
"pugilism","danh từ: quyền Anh; thuật đấu quyền Anh","'pju:dʤilizm"
"snail-slow","tính từ: chậm như sên","'sneilslou"
"mistful","tính từ: mù sương","'mistful"
"tricorne","tính từ: có ba sừng","'traikɔ:n"
"planet-struck","tính từ: bàng hoàng, kinh hoàng, hoảng sợ, khiếp s","'plænit,strikən"
"dracaena","danh từ: (thực vật học) giống cây huyết dụ","drə'si:nə"
"wrathful","tính từ: tức giận, phẫn nộ","'rɔ:θful"
"laboratorian","danh từ: người làm việc ở phòng thí nghiệm",",læbərə'tɔ:riən"
"indifferentist","danh từ: người theo chủ nghĩa trung lập (về tôn giáo)","in'difrəntist"
"unassertive","tính từ: không chắc chắn, không khẳng định, không quyết đoán, không dứt khoát","'ʌnə'sə:tiv"
"day-boy","danh từ: học sinh ngoại trú, học sinh ở ngoài","'deibɔi"
"machinability","danh từ: tính có thể cắt được bằng máy công cụ","mə,ʃi:nə'biliti"
"trayful","danh từ: khay (đầy), mân (đầy)","'treiful"
"confirm","ngoại động từ: xác nhận; chứng thực","kən'fə:m"
"armpit","danh từ: nách","'ɑ:mpit"
"memory","danh từ: sự nhớ, trí nhớ, ký ức","'meməri"
"cupreous","tính từ: có đồng, chứa đồng","'kju:priəs"
"psychopathology","danh từ: (y học) bệnh học tâm lý, bệnh học tinh thần",",saikoupə'θɔlədʤi"
"eyeball","danh từ: cầu mắt, nhãn cầu","'aibɔ:l"
"stuporous","tính từ: sững sờ","'stju:pərəs"
"grumpy","tính từ: gắt gỏng; cục cằn","'grʌmpiʃ"
"evensong","danh từ: (tôn giáo) buổi lễ ban chiều","'i:vənsɔɳ"
"simulacra","danh từ,  số nhiều simulacra: hình bóng, hình ảnh",",simju'leikrəm"
"pro and con","phó từ: thuận và chống, tán thành và phản đối","pro and con"
"conversational","tính từ: (thuộc) sự nói chuyện, (thuộc) sự chuyện trò",",kɔnvə'seiʃənl"
"pallid","tính từ: xanh xao, vàng vọt","'pælid"
"care","danh từ: sự chăn sóc, sự chăm nom, sự giữ gìn, sự bảo dưỡng","keə"
"head-work","danh từ: công việc trí óc","'hedwə:k"
"uproarious","tính từ: ồn ào, om sòm","' p,r :ri s"
"oyez","thán từ: xin các vị yên lặng, xin các vị trật tự!","ou'jes"
"datum-point","danh từ: điểm mốc","deitəm'pɔint"
"stomach-ache","danh từ: sự đau bụng","'stʌməkeik"
"capful","danh từ: mũ (đầy)","'kæpful"
"indology","danh từ: khoa nghiên cứu về Ân-ddộ","in'dɔlədʤi"
"laniary","tính từ: để xé (thức ăn)","'læniəri"
"leadership","danh từ: sự lânh đạo","'li:dəʃip"
"amorphousness","danh từ: tính không có hình dạng nhất định, tính vô định hình","ə'mɔ:fəsnis"
"pikelet","danh từ: bánh pơ-ti-panh (một loại bánh ngọt uống với nước trà)","'paiklit"
"strict","tính từ: chính xác, đúng","strikt"
"whaling","danh từ: sự đánh cá voi; nghề đánh cá voi","'weili"
"shown","danh từ: sự bày tỏ","ʃou"
"field","danh từ: đồng ruộng, cánh đồng","fi:ld"
"backer","danh từ: người giúp đỡ, người ủng hộ","'bækə"
"foreplane","danh từ: (kỹ thuật) cái bào phác (loại bào để bào qua gỗ mới xẻ, chưa bào kỹ)","'fɔ:plein"
"reputed","tính từ: có tiếng tốt, nổi tiếng","ri'pju:tid"
"formalize","ngoại động từ: nghi thức hoá, trang trọng hoá","'fɔ:məlaiz"
"wooden","tính từ: bằng gỗ","'wudn"
"cupric","tính từ: (hoá học) (thuộc) đồng","'kju:prik"
"heathery","tính từ: phủ đầy cây thạch nam","'hi:ðənri"
"hallway","danh từ: (từ Mỹ,nghĩa Mỹ) phòng trước","'hɔ:lwei"
"elver","danh từ: (động vật học) con cá chình con, con lươn con","'elvə"
"reaction","danh từ: sự phản tác dụng, sự phản ứng lại","ri:'ækʃn"
"diverse","tính từ: gồm nhiều loại khác nhau, linh tinh","dai'və:s"
"bun","danh từ: bánh bao nhân nho; bánh sữa nhỏ","bʌn"
"writing-paper","danh từ: giấy viết","'raitiɳ,peipə"
"purulency","danh từ: (y học) tình trạng có mủ, tình trạng chảy mủ","'pjuəruləns"
"aberrance","danh từ: sự lầm lạc","æ'berəns"
"tyre-pump","danh từ: cái bơm lốp xe","'taiəin'fleitə"
"recommit","ngoại động từ: phạm lại (một tội ác)","'ri:kə'mit"
"foster-daughter","danh từ: con gái nuôi","'fɔstə,dɔ:tə"
"eskimo","danh từ,  số nhiều Eskinos,  Eskinoes: người Et-ki-mô","'eskimou"
"archives","danh từ số nhiều: văn thư lưu trữ","'ɑ:kitreiv"
"scant","tính từ: ít, hiếm, không đủ","skænt"
"rampant","tính từ: chồm đứng lên","'ræmpənt"
"bromate","danh từ: (hoá học) bromat","'broumeit"
"descriptive","tính từ: diễn tả, mô tả, miêu tả","dis'kriptiv"
"ground crew","danh từ: (hàng không) nhân viên kỹ thuật (ở sân bay)","'graundstɑ:f"
"ongoings","danh từ số nhiều: những việc đang xảy ra (lạ lùng, chướng tai gai mắt...)","'ɔn,gouiɳz"
"tringle","danh từ: thanh sắt để treo màn","'triɳgl"
"underbade","ngoại động từ underbade,  underbid; underbidden,  underbid: bỏ thầu rẻ hơn (người khác)","'ʌndə'bid"
"unroofed","tính từ: bị dỡ mái (nhà)","' n'ru:ft"
"aeon","danh từ: thời đại, niên kỷ","'i:ən"
"cotter","danh từ: (như) cottar","'kɔtə"
"peritoneum","danh từ,  số nhiều peritonea  /,peritou'ni:ə/: (giải phẫu) màng bụng",",peritou'ni:əm"
"analyses","danh từ,  số nhiều analyses: sự phân tích","ə'næləsis"
"french polisher","danh từ: người đánh véc ni","'frentʃ'pɔliʃə"
"unsectarian","tính từ: không bè phái","' nsek'te ri n"
"caryophyllaceous","tính từ: (thực vật học) (thuộc) họ cẩm chướng",",kæriəfi'leiʃəs"
"pediculosis","danh từ: (y học) bệnh chấy rận","pi,dikju'lousis"
"interosculate","nội động từ: nhập lẫn vào nhau",",intər'ɔskjuleit"
"polyphase","tính từ: (điện học) nhiều pha","'pɔlifeiz"
"hydrous","tính từ: có nước","'haidrəs"
"self-appreciation","danh từ: sự tự đánh giá","'selfə,pri:ʃi'eiʃn"
"rising","danh từ: sự dậy, sự trở dậy, sự đứng dậy","'raiziɳ"
"waggish","tính từ: nói đùa; tinh nghịch","'wægiʃ"
"recherché","tính từ: cầu kỳ","rə'ʃeəʃei"
"tunery","danh từ: nghề tiện","'tə:nəri"
"diastole","danh từ: (y học) sự trương tim, tâm trương","dai'æstəli"
"reaccustom","ngoại động từ: (:<i> oneself,  to...) tập lại cho quen với</i>","'ri:ə'kʌstəm"
"title-part","danh từ: nhân vật chính tên được dùng làm nhan đề (kịch, phim ảnh...)","'taitlpɑ:t"
"ebony","danh từ: gỗ mun","'ebəni"
"insurrectionise","ngoại động từ: gây cuộc nổi dậy, gây cuộc khởi nghĩa (ở một nơi...)",",insə'rekʃənaiz"
"electrophorus","danh từ: bàn khởi điện","ilek'trɔfɔ:"
"co-tidal","tính từ: (:<i> line) (địa lý,địa chất) đường đồng triều lên</i>","'kou'taidl"
"versant","danh từ: sườn dốc, dốc","'və:sənt"
"fledgling","danh từ: chim non mới ra ràng","fledgling"
"lethe","danh từ: sông Mê (ở âm phủ)","'li:θi:"
"interdict","danh từ: sự cấm, sự cấm chỉ","'intədikt"
"exhauster","danh từ (kỹ thuật): quạt hút gió; máy hút gió","ig'zɔ:stə"
"plod","danh từ: bước đi nặng nề, bước đi khó nhọc","plɔd"
"octonarian","tính từ: có tám âm tiết (câu thơ)",",ɔktə'neəriən"
"plutonium","danh từ: (hoá học) Plutoni","plu:'tounjəm"
"tremulous","tính từ: run","'tremjulə"
"gold-leaf","danh từ: vàng lá","'gouldi:f"
"confluence","danh từ: chỗ hợp dòng, ngã ba sông","'kɔnfluəns"
"musk-deer","danh từ: (động vật học) hươu xạ","'mʌsk'diə"
"outcollege","tính từ: ngoại trú (đại học)","'aut,kɔlidʤ"
"yellowy","tính từ: hơi vàng, vàng vàng","'jelouiʃ"
"unallotted","tính từ: rảnh, không bị bận; có thể sử dụng được","'ʌnə'lɔtid"
"commissar","danh từ: uỷ viên nhân dân (ở Liên-xô và một số nước khác)",",kɔmi'sɑ:"
"sabre","danh từ: kiếm lưỡi cong (của kỵ binh)","'seibə"
"dizziness","danh từ: sự hoa mắt, sự choáng váng, sự chóng mặt","'dizinis"
"thou","danh từ: (thơ ca) mày, mi, ngươi","ðau"
"visit","danh từ: sự đi thăm, sự thăm hỏi, sự thăm viếng","'vizit"
"zoolite","danh từ: (địa lý,địa chất) đá động vật,  zoolit","'zouəlait"
"enclosure","danh từ: sự rào lại (đất đai...)","in'klouʤə"
"shiftless","tính từ: lười, nhác; bất lực, hèn kém","'ʃiftlis"
"readjust","ngoại động từ: điều chỉnh lại; sửa lại cho đúng","'ri:ə'dʤʌst"
"phonologist","danh từ: nhà âm vị học","fou'nɔlədʤist"
"sortie","danh từ: (quân sự) sự xông ra phá vây","'sɔ:ti:"
"equipoise","danh từ: (thường) (nghĩa bóng)","'ekwipɔiz"
"meristem","danh từ: (sinh vật học) mô phân sinh","'meristəm"
"flying bomb","danh từ: bom bay","flying bomb"
"attendance","danh từ: sự dự, sự có mặt","ə'tendəns"
"patentee","danh từ: người được cấp bằng sáng chế",",peitən'ti:"
"sourdine","danh từ: (âm nhạc) cái chặn tiếng","'sɔ:di:n"
"unapproved","tính từ (:<i> of)</i>: không được tán thành, không được chấp thuận","'ʌnə'pru:vd"
"naval","tính từ: (thuộc) hải quân, (thuộc) thuỷ quân","'neivəl"
"hammer-toe","danh từ: ngón chân khoằm","'hæmətou"
"quinsy","danh từ: (y học) viêm họng, viêm hạch hạnh có mủ","'kwinzi"
"benedick","danh từ: người mới cưới vợ","'benidik"
"heliacal","tính từ,  (thiên văn học): (thuộc) mặt trời","hi:'laiəkəl"
"uncondensed","tính từ: không cô đặc (chất nước); không ngưng (hơi); không tụ (ánh sáng)","'ʌnkən'denst"
"calorific","tính từ: (như) caloric",",kælə'rifik"
"afternoon","danh từ: buổi chiều","'ɑ:ftə'nu:n"
"premeditation","danh từ: sự suy nghĩ trước, sự suy tính trước, sự mưu tính trước, sự dụng tâm","pri:,medi'teiʃn"
"extramundane","tính từ: ở ngoài thế giới vật chất, ở thế giới bên kia, ở ngoài vũ trụ","'ekstrə'mʌndein"
"unfelt","tính từ: không cảm thấy, không thấy","'ʌn'felt"
"elbow-rest","danh từ: chỗ dựa khuỷu tay; gối dựa","'elbourest"
"unbowed","tính từ: không cúi, không khòm","'ʌn'baud"
"baseless","tính từ: không có cơ sở, không có căn cứ","'beislis"
"peace","danh từ: hoà bình, thái bình, sự hoà thuận","pi:s"
"ratatat","danh từ: tiếng gõ cọc cọc (gõ cửa...)","'rætə'tæt"
"waxy","tính từ: giống sáp; có màu sáp, vàng nhợt nhạt","'wæksi"
"armada","danh từ: đội tàu, hạm đội","ɑ:'mɑ:də"
"irreligious","tính từ: không tín ngưỡng; không trọng tín ngưỡng",",iri'lidʤəs"
"medicine","danh từ: y học, y khoa","'medsin"
"fibrin","danh từ: tơ huyết,  fibrin","'faibrin"
"nasologist","danh từ: nhà nghiên cứu mũi","nei'zɔlədʤist"
"enounce","ngoại động từ: phát biểu, nói lên; đề ra (ý kiến...)","i:'nauns"
"night-work","danh từ: việc làm đêm","'naitwə:k"
"symbolise","ngoại động từ: tượng trưng hoá","'simbəlaiz"
"incredulity","danh từ: tính hoài nghi; sự ngờ vực",",inkri'dju:liti"
"mydriatic","tính từ: (y học) làm giân đồng tử",",maiə'laitis"
"fascinating","tính từ: làm mê, làm say mê, quyến rũ","'fæsineitiɳ"
"misgovern","ngoại động từ: cai trị tồi, quản lý tồi","'mis'gʌvən"
"specialise","ngoại động từ: làm thành đặc trưng","'speʃəlaiz"
"backstairs","danh từ: (số nhiều) cầu thang sau","'bæk'steəs"
"exercisable","tính từ: có thể thi hành được (quyền hành); có thể dùng được, có thể sử dụng được (quyền)","'eksəsaizəbl"
"yean","động từ: đẻ (cừu, dê)","ji:n"
"wealth","danh từ: sự giàu có, sự giàu sang","welθ"
"part","danh từ: phần, bộ phận, tập (sách)","pɑ:t"
"interlanguage","danh từ: tiếng quốc tế ((cũng) interlingua)",",intə'læɳgwidʤ"
"over-delicate","tính từ: quá tinh tế, quá tinh vi, quá tế nhị","'ouvə'delikit"
"premature","tính từ: sớm, yểu non",",premə'tjuə"
"judgment debtor","danh từ: người bị toà xét phải trả nợ","'dʤʌdʤmənt'detə"
"sand-crack","danh từ: bệnh nẻ móng (ngựa)","'sændkræk"
"haggard","tính từ: hốc hác, phờ phạc (vì mệt mỏi, mất ngủ, lo lắng)","'hægəd"
"paper-mill","danh từ: nhà máy giấy","'peipəmil"
"chalcedony","danh từ: (khoáng chất) chanxeđon","kæl'sedəni"
"precipitability","danh từ: (hoá học) khả năng kết tủa, khả năng lắng","pri,sipitə'biliti"
"stern","tính từ: nghiêm nghị, nghiêm khắc","stə:n"
"trephine","danh từ: (y học) cái khoan trêfin","tri'fi:n"
"costume","danh từ: quần áo, y phục","'kɔstju:m"
"wringer","danh từ: máy vắt (áo quần, vải)","'riɳə"
"clifornium","danh từ: (hoá học) califoni",",kæli'fɔ:njəm"
"huffish","tính từ: cáu kỉnh, dễ nổi cáu, dễ phát khùng; hay giằn dỗi","'hʌfiʃ"
"stinkpot","danh từ: bô (đựng phân...)","'stiɳkpɔt"
"adduction","danh từ: (giải phẫu) sự khép (cơ)","ə'dʌkʃn"
"highboy","danh từ: (từ Mỹ,nghĩa Mỹ) tủ con mốt cao","'haibɔi"
"bull-fence","danh từ: hàng rào có hố đằng sau (cho ngựa đua nhảy qua)","'bulfens"
"solitude","danh từ: tình trạng cô đơn","'sɔlitju:d"
"touch-me-not","danh từ: (thực vật học) cây bóng nước","'tʌtʃmi'nɔt"
"frowst","danh từ: (thông tục) uế khí, mùi hôi nồng nặc; mùi ẩm mốc","fraust"
"unvarying","tính từ: không thay đổi, không biến đổi","n've rii"
"syngenesis","danh từ: (sinh vật học) sự sinh sản hữu tính","sin'dʤenisis"
"eutectic","tính từ: (hoá học) Eutecti","ju:'tektik"
"splipy","tính từ: (thông tục) (như) slippery","'slipi"
"creditable","tính từ: vẻ vang; mang lại danh vọng tiếng tăm; đáng khen, đáng ca ngợi","'kreditəbl"
"bottomry","danh từ: (hàng hải) sự mượn tiền lấy tàu làm đảm bảo","'bɔtəmri"
"volunteer","danh từ: (quân sự) quân tình nguyện",",vɔlən'tiə"
"notaryship","danh từ: chức công chứng viên","'noutəriʃip"
"producer gas","danh từ: hơi than, khí than","producer gas"
"supposedly","phó từ: cho là, giả sử là; nói như là, làm như là","sə'pouzidli"
"invective","danh từ: lời công kích dữ dội, lời tố cáo kịch liệt","in'vektiv"
"desegregate","động từ: (từ Mỹ,nghĩa Mỹ) xoá bỏ sự phân biệt chủng tộc (ở trường học...)","di:'segrigeit"
"inharmonic","tính từ: không hài hoà",",inhɑ:'mɔnik"
"fish-glue","danh từ: keo cá, thạch cá","'fiʃglu:"
"glacier","danh từ: (địa lý,ddịa chất) sông băng","'glæsjə"
"wifelike","tính từ: của người vợ; như người vợ; phù hợp với người vợ","'waiflaik"
"vile","tính từ: hèn hạ, đê hèn","vail"
"soya","danh từ: (thực vật học) đậu tương, đậu nành","'sɔiə"
"bibber","danh từ: người nghiện rượu","'bibə"
"contortedness","danh từ: sự vặn vẹo","kən'tɔ:tidnis"
"liberalism","danh từ: chủ nghĩa tự do","'libərəlizm"
"ebullioscopy","danh từ: (hoá học) phép nghiệm sôi","i,bʌli'ɔskəpi"
"mortal","tính từ: chết, có chết","'mɔ:tl"
"feminine","tính từ: (thuộc) đàn bà, như đàn bà; yểu điệu dịu dàng (như đàn bà)","'feminin"
"immerse","ngoại động từ: nhúng, nhận chìm, ngâm","i'mə:s"
"tissue","danh từ: vải mỏng","'tisju:"
"solo","danh từ,  số nhiều solos: (âm nhạc) bản nhạc diễn đơn, điệu nhạc diễn đơn; bè diễn đơn, bài đơn ca","'soulou"
"zoological","tính từ: (thuộc) động vật học",",zouə'lɔdʤikəl"
"unshoe","ngoại động từ unshod: tháo móng sắt (ngựa)","' n' u:"
"suppliant","tính từ: năn nỉ, van xin, khẩn khoản","'sʌpliənt"
"bloated","tính từ: húp híp, béo phị; phồng lên, sưng lên","'bloutid"
"stewardess","danh từ: cô làm phòng (trên tàu thuỷ), cô phục vụ (trên máy bay)","'stjuədis"
"small talk","danh từ: chuyện phiếm","'smɔ:l'tɔ:k"
"protestingly","phó từ: phản đối, phản kháng, kháng nghị","protestingly"
"boric","danh từ: (hoá học) boric","'bɔ:rik"
"red deer","danh từ: (động vật học) hươu châu Âu","'red'diə"
"serfage","danh từ: thân phận nông nô","'sə:fidʤ"
"yourself","đại từ phản thân (số nhiều yourselves): tự anh, tự chị, chính anh, chính mày, tự mày, tự mình","jɔ:'self"
"stromatic","tính từ: (sinh vật học) (thuộc) chất đệm, (thuộc) chất nền","strou'mætik"
"excogitative","tính từ: nghĩ ra, nặn ra (kế hoạch...), bày ra (mưu mô...)","eks'kɔdʤiteitiv"
"sitfast","danh từ: chỗ chai yên (trên lưng ngựa)","'sifɑ:st"
"candelabrum","danh từ,  số nhiều candelabra: cây đèn nến; chúc đài",",kændi'lɑ:brəm"
"parameter","danh từ: (toán học) thông số, tham số, tham biến","pə'ræmitə"
